time,geo,tv_ctv_impressions,ooh_impressions,meta_impressions,tiktok_impressions,google_clicks,tv_ctv_spend,ooh_spend,meta_spend,tiktok_spend,google_spend,sales,seas_sin52,seas_cos52,hldy_thanksgiving,hldy_christmas,trend,trend_sq
2020-12-28,national,32453278.83168301,0.0,124651415.59566465,71832813.50879288,298874.14569840993,381810.40007523797,0.0,947949.7767191923,402127.5271778812,740172.3771320515,19819092.482773975,-0.03869579017652689,0.9992510374388481,0,1,0.0,0.0
2021-01-04,national,70886081.6664934,0.0,222816798.79282662,153130931.2471329,305467.2642864219,836368.9323077534,0.0,1777589.7376995755,882131.2556727492,767963.8388801807,35258365.026183665,0.06875540848113941,0.9976335468520451,0,0,1.0,1.0
2021-01-11,national,70494266.45900784,0.0,214878691.0119327,150668202.00231358,334118.69654838747,848207.4953890699,0.0,1612441.82881928,772334.1784482648,775939.0515493839,36704459.97427321,0.18809941761179758,0.9821499931752291,0,0,2.0,4.0
2021-01-18,national,62912438.51883827,0.0,203907931.3991928,137879653.8756536,319566.70711740985,783615.6017134849,0.0,1618559.5406911944,851137.5184394531,775985.250968253,39144442.89424426,0.3047192331091634,0.9524422234305676,0,0,3.0,9.0
2021-01-25,national,64226185.59071474,0.0,222392237.4506615,124926796.1692365,294203.7910897501,742156.9439278255,0.0,1683243.6304070235,755420.784170976,776506.2002694365,39218748.67900048,0.4169258813287287,0.908940487313808,0,0,4.0,16.0
2021-02-01,national,60973104.45208429,0.0,180652657.75920996,126304833.07225735,321271.2273824303,731000.043955295,0.0,1423729.9865408898,711707.3590603602,772171.2867625469,41329493.447740585,0.5230943033491326,0.8522748088519838,0,0,5.0,25.0
2021-02-08,national,72645596.73687427,0.0,229983364.6842349,147212297.02181807,292499.73238071596,773517.8963563635,0.0,1790425.9917419571,824380.1633653765,776344.6795664087,40546343.356650494,0.6216868902665479,0.7832658619336791,0,0,6.0,36.0
2021-02-15,national,65523013.978691705,95264993.96043593,79688790.0557071,167225278.89321405,295922.1301486274,747395.9238778384,457762.993840602,642038.1953901174,1034065.947623933,747929.8653223726,43062107.64687391,0.7112757519738152,0.7029130847082615,0,0,7.0,49.0
2021-02-22,national,72281100.4752361,135692755.7743314,104467748.82466269,210616246.0380763,289748.2645161183,856680.8243287944,673277.786691983,815862.0814544128,1256341.3891797669,753021.6486291257,44562965.03989436,0.7905633969115482,0.612380204990065,0,0,8.0,64.0
2021-03-01,national,65310229.333563335,94310202.27690642,86328536.46229573,180217645.1499596,336031.5032460032,780747.7344345489,456035.43439633114,638052.1191855329,1045646.2783587864,750325.2740070671,42065763.67398521,0.8584015232918917,0.512978386299228,0,0,9.0,81.0
2021-03-08,national,65944886.796111025,96595113.8274972,91475665.04528667,231030221.25187343,299167.7362633263,799641.8497117405,474406.22816229047,763437.7721913313,1275304.5982257405,755383.0352920134,43406861.060613915,0.9138076496466615,0.4061472386305789,0,0,10.0,100.0
2021-03-15,national,47306559.64668106,73342418.96669178,60758435.28255605,145316873.32873052,293990.89838280954,589217.773104721,380903.154710746,508299.5709943831,890154.8693436574,747775.4745507151,43450417.48648691,0.9559793438440766,0.2934339689665273,0,0,11.0,121.0
2021-03-22,national,59075740.523998216,114632504.30381912,75747641.2132319,154868036.9574613,324542.9837631724,704570.9298237279,517935.5067043478,644512.34700824,1023753.8850755638,749548.5201775681,44815814.458180346,0.984305844499033,0.17647097349152166,0,0,12.0,144.0
2021-03-29,national,61226088.46905994,74759275.38197358,80482148.08744727,285532801.6283036,299521.7238659471,779866.3010033964,364065.1566035499,647185.0276571705,1521033.543434834,755365.7224067294,42787478.80695092,0.998376906467142,0.056952196034039754,0,0,13.0,169.0
2021-04-05,national,88439013.31656002,84951108.62047774,89695514.05996004,301527803.52964467,296593.3804950622,1040500.2040741735,441567.6165334843,708455.1386657313,1802615.676033293,756765.3435315579,44594572.10418477,0.9979887423155984,-0.06339140486951038,0,0,14.0,196.0
2021-04-12,national,71638501.36965515,73784820.9856645,65202366.74004835,201373716.0304273,333652.9858025944,732207.4883129796,376846.49210469733,549798.1469204882,1134661.632687631,747476.3636523399,42903941.21757968,0.9831469737221499,-0.1828169249850199,0,0,15.0,225.0
2021-04-19,national,61316670.72139157,106548477.25920698,77944241.83613493,251606184.51015803,309384.27944303834,782980.3498048059,492428.1949153467,597446.1457352976,1393700.4176473464,749069.7994000092,43567574.551950574,0.9540665500578387,-0.2995947563972602,0,0,16.0,256.0
2021-04-26,national,41956521.80136313,57149846.03508225,53258104.99563326,146621913.68842423,289209.4582792853,506769.27812007454,255323.2568075205,410296.00817692233,852526.4648775224,744398.3564640825,43320714.21171733,0.9111686353326631,-0.41203363695942635,0,0,17.0,289.0
2021-05-03,national,46518743.798752286,222180013.90632588,58397665.408498384,209264936.92744786,331213.9565412698,537427.8339036412,1159185.3445843514,490247.9549015794,1234895.174433922,780578.2039344712,42648537.56397041,0.8550745085896932,-0.518505144391157,0,0,18.0,324.0
2021-05-10,national,46633812.090371475,238873074.97103545,61555285.11329098,172064456.58282027,298865.63665610534,589890.2647903218,1100885.7674654962,435244.3492002252,1068331.9843737597,775339.1330633985,43752751.71680521,0.7865965660866021,-0.6174672802835514,0,0,19.0,361.0
2021-05-17,national,40857953.17274193,194470188.77146062,56474745.70380624,184197008.1755511,331262.72467506456,511983.60618710896,1021411.6750809137,455637.26046941924,1103692.3171055843,779660.390326947,45368946.76604031,0.7067265555776159,-0.7074868024503348,0,0,20.0,400.0
2021-05-24,national,41520734.15078575,262347288.7900138,60214156.68583299,223331898.66608676,293811.276309237,474255.3795096296,1332716.7155131495,512364.6374450154,1478583.9809256769,777166.869632137,46077725.85728871,0.6166212130956382,-0.7872599821916922,0,0,21.0,441.0
2021-05-31,national,37754993.79594583,214289875.5937422,51120537.743898615,192516601.21039537,297414.71865049005,483649.97933096,1022800.5900593465,406576.02157166664,1114671.1771095546,772602.0282341063,44882361.31934195,0.5175855102531889,-0.8556314858488706,0,0,22.0,484.0
2021-06-07,national,64887437.10181114,182981978.37659693,101890191.6189918,184456989.83762896,292813.64243265317,800617.6831940367,841967.0897951449,788711.7533408556,1057348.9757186568,728798.4390338953,44041681.307002105,0.4110537546870351,-0.9116111071930239,0,0,23.0,529.0
2021-06-14,national,50804269.69532271,163400733.61476624,91019939.07400161,197653175.02146336,312048.40752468706,655761.1794824284,815717.7962403444,710629.2608228652,1203624.8345768054,728798.4390338953,44896718.81169073,0.2985688173637202,-0.9543881083175908,0,0,24.0,576.0
2021-06-21,national,80246546.10623609,203963554.18577677,87286003.04602166,243699393.808862,294969.91430885537,905737.7494383326,1005416.9085152149,687660.776530293,1369198.1460647848,728798.4390338953,42780787.36586527,0.18175978759137534,-0.9833429613388902,0,0,25.0,625.0
2021-06-28,national,69202356.04752022,187839197.80717134,88599671.8241103,172304294.89604297,302646.98310475546,887941.1765359949,1009740.4753078722,751487.564745144,1020097.2906404997,728798.4390338953,44738954.85957991,0.062318379354325076,-0.998056320853012,0,0,26.0,676.0
2021-07-05,national,46485926.59784814,146904177.65818295,74383211.7440718,140775972.37417623,311739.4811208466,531086.653681888,761120.3914235483,610806.3627440974,793482.2028926929,728798.4390338953,44698732.57077474,-0.05802556932878035,-0.9983150972033183,0,0,27.0,729.0
2021-07-12,national,62787673.510112286,148286505.85865033,65220814.89983764,204268826.21765822,258480.36189156884,745284.9395252075,811807.9054918386,564879.7461051634,1117444.9890191483,728798.4390338953,45301291.044651754,-0.17752914918703497,-0.984115542601034,0,0,28.0,784.0
2021-07-19,national,42508463.98300002,110976608.93995723,58143708.90121129,152555356.5589346,301255.46721318073,535079.7847153987,508675.4094305844,465117.3711131611,898750.9221741958,728798.4390338953,43255767.009598255,-0.2944616217868012,-0.9556633054034704,0,0,29.0,841.0
2021-07-26,national,56679990.42935839,138549356.89860553,73602150.03002399,136539233.49296942,286561.7720451555,624239.611924295,688315.0464716093,591939.723620337,846782.117748371,728798.4390338953,44190004.30092265,-0.4071294853542516,-0.9133704517637858,0,0,30.0,900.0
2021-08-02,national,133261427.71881133,0.0,100189745.86567576,230166866.29320738,277663.9366302796,1456095.5962948166,0.0,782083.5238453925,1356889.0219488884,728798.4390338953,43103801.9092894,-0.5139010013093103,-0.8578494977869301,0,0,31.0,961.0
2021-08-09,national,101189258.48474649,0.0,98006191.27180795,192679470.98420087,285139.8998037442,1210536.803918239,0.0,737276.105895912,1135807.801373185,728798.4390338953,43879009.20449829,-0.6132298262997502,-0.7899045386224707,0,0,32.0,1024.0
2021-08-16,national,104082010.03300056,0.0,88560762.69350289,188128777.12918785,279557.2447916169,1242097.9574517217,0.0,689490.1216988125,1086941.9112621117,728798.4390338953,42975018.624013014,-0.7036774074790128,-0.7105196029692745,0,0,33.0,1089.0
2021-08-23,national,97131627.20222849,0.0,93154828.61368439,222891301.62875873,271855.1258549416,1161377.3426962877,0.0,744691.7547808832,1236729.564984078,728798.4390338953,43413856.31176486,-0.7839338166829201,-0.620844401650647,0,0,34.0,1156.0
2021-08-30,national,48569399.32047683,205333479.0839927,119522992.95797417,120893159.8827188,302005.4053353708,558335.3511586742,1038429.7936518062,984192.3586684952,731946.231499044,759317.9788898162,44940532.74520447,-0.8528367217694595,-0.522177676659508,0,0,35.0,1225.0
2021-09-06,national,48717396.36182878,280167837.9012773,116895448.06302075,123133507.08722192,288682.61888008023,564320.6303530323,1386760.5972626847,923759.6586007448,767801.6869525042,762262.3753804379,45970042.036563,-0.9093882203647925,-0.4159483918249421,0,0,36.0,1296.0
2021-09-13,national,45508915.8729202,210148076.24936756,116072677.02705674,125850277.88040832,337276.0711568886,553080.4064293681,1097124.9975327905,982983.192317406,790351.3028592995,757958.304686162,45508113.61862074,-0.9527692922168511,-0.30369503751065885,0,0,37.0,1369.0
2021-09-20,national,39066087.8149988,237061852.49435535,125821439.82878995,109506619.67462383,320058.79053376405,464444.0353229958,1151259.9015131148,908063.8867422412,611776.2869312323,752325.3616239495,45818766.620015904,-0.9823516608469237,-0.18704334906991657,0,0,38.0,1444.0
2021-09-27,national,39441720.61023179,216571519.83546588,120103987.37653223,118837441.23599438,322317.36457936175,514267.06451362616,963732.678268702,962060.0625690429,617319.3989033907,782989.3592303139,44338785.41544837,-0.9977068927101168,-0.06768276175455162,0,0,39.0,1521.0
2021-10-04,national,47608440.0344854,177423664.58305338,101966675.27875423,114743973.21449813,315325.3546862627,594578.4030959867,982582.2011818726,848015.3196858772,670495.1713672463,793269.7039789928,47020372.79145389,-0.9986126020839734,0.052658056924614005,0,0,40.0,1600.0
2021-10-11,national,39495987.977093786,181430041.1839691,119568300.14548475,127251574.12495105,321151.75642778486,498627.4962378203,836723.5041842073,955308.2776715003,772553.1483665374,794912.7102651665,46222545.449905336,-0.9850556718215013,0.172236243027682,0,0,41.0,1681.0
2021-10-18,national,56289737.273428604,217847126.83061236,114534492.41497272,115195716.13271941,328871.946799154,638359.0372140388,1001846.110376449,859033.0391951761,742387.4137363284,799385.4376553331,46627019.18236744,-0.957232443323312,0.2893199776186952,0,0,42.0,1764.0
2021-10-25,national,48455033.929799564,163156215.4923381,99784193.8441565,122825442.32492673,330804.89877881814,539482.6052728205,855833.6322412817,812153.3245407385,743563.8154431339,792247.6888209231,47594034.359838925,-0.9155458729775467,0.40221356823680365,0,0,43.0,1849.0
2021-11-01,national,43562678.691053025,197113306.37845486,123545914.28803526,124190492.92452522,332178.9601862432,485277.1788533974,952740.7239490031,944640.3397387054,677399.0560553827,792329.4102814299,46383867.12221206,-0.8605996962501181,0.5092820071573356,0,0,44.0,1936.0
2021-11-08,national,52938372.39314587,224204200.0468572,130466423.7238193,138670265.6866846,307954.57477289636,597643.1858687159,986027.6928425358,970242.2999556549,834238.6029790972,796174.801610441,52424102.37617671,-0.7931896839451843,0.6089746507720486,0,0,45.0,2025.0
2021-11-15,national,54112956.434692964,225443150.48852137,147246383.5334627,158654048.89738578,345583.5001381225,663100.9596671514,1090734.9053045474,1190089.7312640103,877787.7515885838,807750.3879017609,50836124.99558324,-0.7142921172691032,0.699847677146407,0,0,46.0,2116.0
2021-11-22,national,0.0,246414094.74255672,218876628.1834176,96597061.96887404,354220.6952782499,0.0,1144458.3246974247,1792978.903980352,614760.7296466945,882291.8371161793,50599351.40235073,-0.6250496486104377,0.7805849965070866,1,0,47.0,2209.0
2021-11-29,national,0.0,201059268.69524527,213370596.07869712,79563146.97562031,282079.8128645524,0.0,957248.0080448833,1535443.356526784,486448.6995350922,857623.5350261657,52033294.7180936,-0.5267547528105542,0.8500173118187018,0,0,48.0,2304.0
2021-12-06,national,0.0,156677561.3333872,126334591.15292473,75814905.51400514,324444.29826513847,0.0,694123.1512774111,1054368.7392050307,403494.9737068493,830523.9641736759,49928199.80123774,-0.42083100859565564,0.9071390534005044,0,0,49.0,2401.0
2021-12-13,national,0.0,226562563.84922487,236172210.9308558,105763464.64263956,352613.168415599,0.0,1159457.0641566915,1906009.0169406421,646669.3829909397,909594.8435167719,51435784.84572824,-0.30881248126625377,0.9511229423235357,0,0,50.0,2500.0
2021-12-20,national,0.0,187760677.32469106,209560905.8029336,89528353.21406594,330534.3323518959,0.0,1046663.9818763996,1709984.5100639267,558447.0977929834,889892.9986113467,53576873.510305114,-0.19232150523909483,0.9813319716704275,0,0,51.0,2601.0
2021-12-27,national,0.0,260241300.3902495,200256775.54574895,98352583.86066186,354586.62215299543,0.0,1327843.3055863308,1627665.9166541751,587458.4522112834,911521.9073064998,50579353.26136405,-0.07304518821104743,0.9973286321364752,0,1,52.0,2704.0
2022-01-03,national,0.0,163011200.45279682,150077316.57257238,67254328.81197466,329543.6086224363,0.0,858560.7845528636,1217243.0681413526,436810.38315344666,852146.9646539253,49734192.42677795,0.051584366869408364,0.9986686402879997,0,0,53.0,2809.0
2022-01-10,national,94207421.22193724,101381395.8536439,200120177.97863603,121552823.92711599,324371.1820561383,1066486.0071037507,538661.2297113958,1532642.6760594442,693529.5335713264,804904.1222218564,56081186.27046581,0.17117705961019986,0.985240282501282,0,0,54.0,2916.0
2022-01-17,national,85045216.76748759,83985448.99824703,154798755.84134656,98965260.2399501,329928.54897796357,1046319.17810818,434037.28527709155,1291827.9498664134,640431.4937395356,789178.3411278478,56449426.476836644,0.2882906407095177,0.9575429528116719,0,0,55.0,3025.0
2022-01-24,national,82267140.23211336,76469883.07199901,159990114.92625445,132593094.63434014,306883.22965471895,922792.9017976124,391388.87989717245,1342801.1857854482,676582.5832633085,785197.6184084576,55329911.16425158,0.4012289854475009,0.9159777842484877,0,0,56.0,3136.0
2022-01-31,national,67665529.57581984,74828328.50590087,125775386.46805584,90093133.80164078,308188.8941973852,800709.2177517712,343267.2880404083,1064962.2793514463,525086.5357879766,782889.9429049984,53274279.52470464,0.5083564379375122,0.8611467540480452,0,0,57.0,3249.0
2022-02-07,national,83337057.88997236,75529681.5459137,189507930.08694604,93507469.23355055,281561.0501722265,1029288.246296875,410346.0807554668,1357080.0154919508,558745.1237210409,795334.5750985013,53623581.60363308,0.6081214998935418,0.7938439653781019,0,0,58.0,3364.0
2022-02-14,national,53509022.17378288,280910582.7663133,202377889.1080897,0.0,290144.7801705349,621250.491123572,1428455.329229405,1594581.3169437377,0.0,728798.4390338953,53082914.58224081,0.6990793005655562,0.7150441465537444,0,0,59.0,3481.0
2022-02-21,national,39597900.840475224,256875832.48506302,155726115.50252762,0.0,282439.18283535674,456762.8104733603,1260551.4852099465,1177986.4983465797,0.0,728798.4390338953,55355626.699191384,0.7799125224167177,0.6258885343075018,0,0,60.0,3600.0
2022-02-28,national,41472135.82986611,206570917.78842002,102658098.97385341,0.0,303412.459747496,474638.20656060835,1105896.7374340184,861660.0287730505,0.0,728798.4390338953,55272797.48696527,0.8494504794814806,0.527668345562516,0,0,61.0,3721.0
2022-03-07,national,45995445.58936638,298161487.7641731,168097182.83898938,0.0,319882.029349116,531585.1546744381,1450176.637417773,1536689.124646591,0.0,728798.4390338953,55036187.35146003,0.9066860720977985,0.4218060770826634,0,0,62.0,3844.0
2022-03-14,national,50105675.0816487,278097173.0519698,188295167.45577502,0.0,291173.5573698339,601950.556518989,1356070.3008123562,1486329.4655273964,0.0,728798.4390338953,55074003.63148446,0.9507903724625832,0.3098349038318025,0,0,63.0,3969.0
2022-03-21,national,52818363.55375907,296679555.63450193,185312395.52485016,0.0,294764.64078257204,669566.9200012139,1455725.046407632,1436997.5364357985,0.0,728798.4390338953,56459911.0658783,0.981124629771712,0.19337647441020586,0,0,64.0,4096.0
2022-03-28,national,37946261.666135505,271704268.6253354,144012214.3323281,0.0,270887.73062385106,467764.52008974017,1343579.632627019,1186972.3932582873,0.0,728798.4390338953,54621369.455036394,0.9972495210773451,0.07411742515094437,0,0,65.0,4225.0
2022-04-04,national,46962796.92013846,290609410.44958454,185488050.43113357,0.0,281950.57329943625,519466.3917315234,1405202.353935417,1349324.36375559,0.0,728798.4390338953,56749362.774721295,0.9989315138848577,-0.046215046983708354,0,0,66.0,4356.0
2022-04-11,national,48337739.873152025,240662672.15367213,60955344.57807481,89258800.90462948,368290.7514355401,604582.9217429148,1106472.5209073322,417799.7135557056,525441.6458127043,831296.8340125586,53005083.36212505,0.986146248341595,-0.16587819893463143,0,0,67.0,4489.0
2022-04-18,national,56559533.35731098,245893369.50331426,50563062.07181741,98054999.72690116,331003.7665396543,700488.8859830877,1246610.4701933812,393627.0258593596,571609.9677943501,835801.9713885464,54568620.38409065,0.9590788900341131,-0.28313898122818354,0,0,68.0,4624.0
2022-04-25,national,62623010.68178384,278044405.28255856,71227285.13099745,116796273.68530509,330294.8593180534,704872.2226058893,1357593.2770616896,565703.9087009479,710203.7712149005,844600.4859166999,54488778.44126768,0.9181214482844365,-0.39629913726891813,0,0,69.0,4761.0
2022-05-02,national,41815257.290677965,207974717.38415498,54935601.6192577,93249249.54955894,344859.6659656266,497301.60091166926,1045423.5950477893,440996.97871859436,544926.074675762,821287.6986824074,53363293.960566394,0.8638670987837349,-0.503719798736334,0,0,70.0,4900.0
2022-05-09,national,45362628.09272122,229843440.24428806,62375527.294528194,107015557.90193187,327000.70165308745,558491.2312019183,1240255.80212647,474705.55986060924,589716.364866854,817695.8397406403,54313739.052175745,0.7971015927871943,-0.6038452208771035,0,0,71.0,5041.0
2022-05-16,national,66595266.196003824,320162092.5464794,82828433.46965149,125997489.25231294,338472.28538969264,781503.7332531412,1591478.1535564899,610993.6651414377,795496.8646340529,865962.9374678792,56646180.57588446,0.7187918772884232,-0.6952253139408723,0,0,72.0,5184.0
2022-05-23,national,55100685.093079075,256996321.9188983,71115976.74687894,131002825.18924719,348417.91397844267,665747.1322327878,1279691.9170838252,582178.6572565093,777678.4578652111,852044.551323244,53119609.00668408,0.6300720909843687,-0.7765366444428655,0,0,73.0,5329.0
2022-05-30,national,67017936.19156031,347538535.90990996,80926639.3560191,137981086.1919834,344691.49846503447,863771.7929827094,1748400.6555809844,613129.6772023994,896013.5560881444,869084.6827980443,55860381.413223244,0.5322271388474397,-0.8466016020976267,0,0,74.0,5476.0
2022-06-06,national,59311094.199493624,168384218.66210222,100759483.37125546,158969619.78238562,335708.44643026026,671794.9308610614,894523.4968890175,837476.975041095,988126.7516253096,787908.5163677089,52734302.314179465,0.42667408318992467,-0.9044054548343001,0,0,75.0,5625.0
2022-06-13,national,51651149.71299724,177543845.47541437,129027405.33572586,151957058.8746214,310658.17698756437,636234.0637018672,894573.7524135482,980972.6218678945,944293.9671992422,797266.4176452656,52812556.58125396,0.31494162072895193,-0.9491110448902284,0,0,76.0,5776.0
2022-06-20,national,51762452.154941365,142595131.6573987,112795849.03469737,141227324.9875064,322337.8327388854,596150.5312102623,722128.6772675237,864017.6889998472,823127.8701536781,781196.5407389314,53931423.89057823,0.19864794288017112,-0.9800709131432666,0,0,77.0,5929.0
2022-06-27,national,40669507.146162756,141624600.55161893,87350968.04337071,110033718.15025668,350998.4118124309,489933.4844599513,684030.4180147527,740469.6974957212,706839.1537607111,775768.7283174862,52071143.59569682,0.07947729992362097,-0.9968366760893436,0,0,78.0,6084.0
2022-07-04,national,53423758.71413372,166979919.42241412,117188419.23143974,169015910.43817496,309068.05768124876,627849.7420560934,882494.8628134222,942361.6331565026,1019076.2457735578,787680.0174701341,53048680.82498317,-0.04084439154329611,-0.9991655196610109,0,0,79.0,6241.0
2022-07-11,national,49396525.84370634,196547859.22330287,79202518.8368385,138164413.22226188,284707.2588452083,554534.9770194013,930050.7319509144,599329.0382776277,766789.7175926721,776105.2957974648,53732779.00678165,-0.16057454459499376,-0.9870237158387383,0,0,80.0,6400.0
2022-07-18,national,55226746.24151773,238188447.0831791,84355033.36121307,160903233.45892724,330403.40346521453,713069.6993455536,1077236.8327783355,640236.0697872738,995427.4510918441,778565.8039701871,52408837.24898989,-0.2779791393987801,-0.9605871111248129,0,0,81.0,6561.0
2022-07-25,national,48689942.53849265,209339535.1604995,75206480.99406084,141998628.22089976,331670.13289620634,574583.037379678,1075308.818536265,541317.251705156,807784.6331656503,778643.3261477775,50475238.29728975,-0.3913578365610259,-0.9202385798054075,0,0,82.0,6724.0
2022-08-01,national,54764685.328738354,204387812.49750206,77362175.2398714,152579983.821788,307110.69190086034,669255.6021824256,959133.1432831796,617732.6512534879,962101.567246924,773893.1848262794,54294811.19138753,-0.4990686026885319,-0.8665624788845385,0,0,83.0,6889.0
2022-08-08,national,48304188.1490386,214168011.9536623,60135388.072337426,141153584.7311488,320060.82763481815,565872.2332536266,1022408.191089501,509096.4105951377,840941.6834506249,775887.8603973866,50844621.2878093,-0.5995514915196489,-0.8003361849976323,0,0,84.0,7056.0
2022-08-15,national,66919824.59875181,200471620.41331714,60730251.66216163,96712828.85041027,318184.92482671933,787763.5773549341,923621.3466114058,473259.98720335274,567299.7250966484,775459.5645564209,51717478.606958814,-0.6913512362094071,-0.722518835873311,0,0,85.0,7225.0
2022-08-22,national,59435040.63785938,152740057.95894325,57106302.105111495,86756739.8981793,295788.86181387317,716253.6278217279,737382.5724402994,435231.35880573414,522097.4389026811,773924.2980245454,49255656.34107666,-0.7731383255706027,-0.6342374393978054,0,0,86.0,7396.0
2022-08-29,national,77635341.6850909,185813067.20692632,59359873.43702037,101009150.69133194,327286.316099676,844669.6497775809,886154.4824541905,466509.24939842627,600102.6629701355,784168.6810083954,51766724.81004839,-0.8437282590292712,-0.5367705514607103,0,0,87.0,7569.0
2022-09-05,national,72439315.22309913,175279872.4156735,53952807.19203651,108598249.94011499,292204.6237143134,879118.5070093068,850239.9119776092,448725.735835754,656456.0446956739,790102.4785753371,50809964.91226698,-0.9020987014301837,-0.4315297589714715,0,0,88.0,7744.0
2022-09-12,national,76307828.42649636,156611056.47420725,56521674.85921298,99294487.37967508,317511.60371210787,864870.138389333,815674.9358045303,512357.95124751446,587351.5684020577,774616.9325880732,52518577.04033346,-0.9474042892438845,-0.32003923622313857,0,0,89.0,7921.0
2022-09-19,national,81068234.90555772,184864553.1405166,73808240.09116957,106431000.90263185,317144.41656543734,967598.3906804554,854670.5398412622,526062.6280430921,607799.1828810868,783229.2071423637,53166381.355076954,-0.9789888737409319,-0.20391367068311472,0,0,90.0,8100.0
2022-09-26,national,54461512.91072465,220898840.40222234,0.0,175172166.91824418,301830.3629062807,587063.5669958594,1060996.2926431124,0.0,1081627.6174365939,809043.5518880947,51769726.2358312,-0.9963950238187231,-0.08483487790576538,0,0,91.0,8281.0
2022-10-03,national,46157321.681228645,229811297.2455752,0.0,203703318.84261957,333051.6685077116,545648.0050118589,1169482.3275833153,0.0,1151929.3030701778,816463.7884631386,52524843.010614574,-0.9993706508539969,0.03547255575312556,0,0,92.0,8464.0
2022-10-10,national,49059451.27408666,258754924.1298089,0.0,195505433.9992076,327885.5313178361,599994.5497109499,1210243.8261189924,0.0,1189244.145231223,832679.7001227966,52721806.15261352,-0.9878726596350429,0.15526624985999563,0,0,93.0,8649.0
2022-10-17,national,56946144.148260556,255017025.5305073,0.0,233664316.6388756,344614.76978883723,689822.078686841,1302206.7933553935,0.0,1363802.4324337766,837728.3875406174,51108692.83517822,-0.9620675724981452,0.27281126433401914,0,0,94.0,8836.0
2022-10-24,national,40683963.88004272,224469291.29516402,0.0,182193655.97665736,321565.7910927679,494171.4392052529,1082761.5648594194,0.0,1163909.2193619607,817991.4181870124,54186543.853946835,-0.9223291176290545,0.3864052261209853,0,0,95.0,9025.0
2022-10-31,national,59124268.36864676,251698008.30688977,0.0,225061069.78271762,336951.67542393674,653784.0208419353,1233849.0393949861,0.0,1245868.8474785462,834885.1458060818,55526889.46774043,-0.8692328164574792,0.4944029842076182,0,0,96.0,9216.0
2022-11-07,national,0.0,237688855.3571562,151065030.71968085,149961839.00415313,292248.9707828409,0.0,1131647.2691269892,1115731.0682929102,899391.1514561723,835812.8116762388,55048249.77548899,-0.8035476485339116,0.5952404359043674,0,0,97.0,9409.0
2022-11-14,national,0.0,174739712.46855342,125722696.62106255,136408789.5227167,355462.90334809467,0.0,932559.6582180131,1018949.9570881148,877057.0798800677,832507.3588503465,56161221.6295781,-0.7262249146041543,0.6874571793269664,0,0,98.0,9604.0
2022-11-21,national,0.0,248978736.41329068,126105786.45723183,171034665.56314322,357419.7215852421,0.0,1179408.3181242123,1010619.0185698863,1007442.6281822352,838532.4154904862,56641642.27638898,-0.6383844591746642,0.769717664006921,0,0,99.0,9801.0
2022-11-28,national,0.0,155714350.71241143,102032765.43930933,109379753.50924924,328108.40687518637,0.0,824177.8104990347,871070.2212042533,670011.1318480021,816683.8957794023,57517485.433730066,-0.5412984521036173,0.8408305333122887,1,0,100.0,10000.0
2022-12-05,national,83155269.7181171,101547736.0357527,87469130.28156357,103082397.93005432,359303.5901892625,928037.211147557,517159.9750376069,719461.2251195831,602232.5962796554,862166.5272822395,57600240.51464087,-0.4363729641045924,0.8997658785476209,0,0,101.0,10201.0
2022-12-12,national,83130936.74270678,101815207.65908906,91508106.56369543,106100815.18487959,331079.2010863134,908877.242608632,512236.6705605048,717105.5604149022,684040.6384681775,848930.7833911176,57866648.822855696,-0.3251276029999093,0.9456701548465688,0,0,102.0,10404.0
2022-12-19,national,87227545.77242815,112859649.68792173,128442138.39740962,150741952.144021,381053.9280675252,1016795.833223004,583254.4146729662,1030898.026215234,916470.015445667,887677.8287573387,61943395.739593014,-0.20917350564635637,0.9778785428342386,0,0,103.0,10609.0
2022-12-26,national,96721440.61477345,114752751.93603478,118810361.22169529,137967639.14680454,383072.5116205166,1020110.0688506132,553559.2399346959,941506.4242140804,834136.3359296477,900057.1905500428,61222246.530649796,-0.09019000427034513,0.9959245770286599,0,1,104.0,10816.0
2023-01-02,national,90426303.32143658,110710192.24721457,119330388.40468,124253846.89267185,359654.139398412,1170286.6659670677,532993.7934317262,867446.5421068945,712836.6083349593,898129.3194871112,62031408.45084473,0.03439806061360801,0.9994082116062598,0,0,105.0,11025.0
2023-01-09,national,73624802.60597245,123647361.04146075,104755534.55635667,138629075.17664376,367288.51227201504,907697.4320309603,602394.2902765236,813187.7734168873,761865.614508487,877281.8924423929,60543641.049315326,0.1542040475626894,0.988039023376751,0,0,106.0,11236.0
2023-01-16,national,60500547.426555246,75187742.79587618,72256464.35808006,79209961.38124499,345038.6339053355,725387.0809805299,335943.7030273332,551807.157503827,507207.01675513457,851991.0229756087,60184090.83857338,0.2717767384711357,0.9623603298276545,0,0,107.0,11449.0
2023-01-23,national,102115289.95438051,145228983.8370633,151577164.35427937,54427660.79659395,309051.3587731554,1103535.5423054653,705394.1799236389,1190880.000312294,331916.2271004968,819274.1469580677,62300605.814370856,0.38541335945432564,0.9227440286201427,0,0,108.0,11664.0
2023-01-30,national,106476552.89366697,119687856.08738469,140970895.7127506,55671004.84229863,345429.25276729855,1271069.8270998523,661791.7245674685,1146895.5606327523,337966.4706983569,807668.5491787281,63766206.755491,0.49346814167723735,0.8697638720650646,0,0,109.0,11881.0
2023-02-06,national,114157995.04299937,156394979.77559465,154191330.6350674,52830357.636927746,344933.19301387295,1514770.4174860208,769279.621735413,1194121.8101510212,346586.59126185573,835829.9134986332,63893503.81135562,0.5943761565849831,0.804187157621448,0,0,110.0,12100.0
2023-02-13,national,96833566.64696458,91211685.58791725,80815075.00643915,43970293.990533784,340311.0168043005,1059859.797366996,477734.9767256975,655516.502551373,246479.7905220022,791116.1755090303,62152240.425937146,0.6866759803451553,0.726963615332308,0,0,111.0,12321.0
2023-02-20,national,143505708.3064462,174740571.3214789,169102335.69709048,72524753.14314957,348590.4131333134,1699165.730907673,802863.0222000394,1381801.4269861972,429723.0560612159,846702.4916154458,65152572.74053799,0.7690308592589181,0.6392116531380588,0,0,112.0,12544.0
2023-02-27,national,80460770.12708297,106445478.93991068,108720268.40603285,42017008.418665685,326478.88084138813,970875.4989683398,501848.22969841055,871159.7672449499,280039.5015839049,796234.7885830924,63206174.712387875,0.8402480696078469,0.5422021592729844,0,0,113.0,12769.0
2023-03-06,national,74246648.9386931,74641968.02651098,92541572.47968149,40880065.755338944,322599.07282090926,862222.2554083903,397488.30654651683,734000.6205823452,242647.5122399846,789753.1145408184,60606312.82165157,0.8992961915530253,0.4373400963303323,0,0,114.0,12996.0
2023-03-13,national,111175090.21879166,151679632.41586083,145332446.9395553,60605157.48551314,350527.12865185714,1250525.4134312726,765780.6986751702,1154354.6914569433,337461.51120952587,827119.7933237422,64232561.893178746,0.945320046913132,0.3261441535642696,0,0,115.0,13225.0
2023-03-20,national,39947722.099122666,74309344.2812191,132566665.66229163,187290889.9631725,315338.92769663804,479727.9594507124,403331.1890680534,1050053.0963837574,1113050.9631228724,833993.891412207,65656729.142383136,0.9776530844816641,0.2102247521189836,0,0,116.0,13456.0
2023-03-27,national,44201731.08663959,91460079.50687872,119626905.00154343,132288513.95094061,312270.37079268025,524618.4633361223,435012.6216530181,951316.6266466498,738362.8228766689,828697.3462439424,62632610.52950225,0.9958270335100595,0.09126072172931188,0,0,117.0,13689.0
2023-04-03,national,38593510.36608966,82216999.29915649,131265175.4884378,165443941.7191847,333095.650691665,491339.6258625859,419170.194329437,1052426.594055106,980304.521938717,827156.4816388552,64578797.52445169,0.9995786855478958,-0.029025013321975237,0,0,118.0,13924.0
2023-04-10,national,46532377.484019555,84298920.0833671,125535028.98415692,159333018.69770187,344255.9143634255,543261.8435487031,409744.92625474936,997966.161067356,957075.1533488042,828966.4549984587,63146214.8853212,0.9888537064205885,-0.1488903868564548,0,0,119.0,14161.0
2023-04-17,national,45371979.863369115,89387414.63779633,156741711.0525243,169838539.45449752,345048.23148375365,576733.3647966365,424045.98385412915,1283629.832170034,1003769.666094279,840426.0079039383,63344328.1881371,0.9638074231367307,-0.26659942067929354,0,0,120.0,14400.0
2023-04-24,national,31309122.68194368,59043649.62375886,83036140.02434938,108330009.83021706,333173.0688946663,374727.11646856734,291278.72868311376,673759.3044436736,659988.8751267421,801044.2463337237,60364270.928921044,0.9248025743285089,-0.38044736628785164,0,0,121.0,14641.0
2023-05-01,national,48705562.08640984,73930325.16103543,126193719.39454754,154877407.7836826,355223.5926835426,583151.3649884517,367773.465115313,1044670.4873735218,880979.5832699816,818242.8698804668,62300002.55649241,0.8724040568049612,-0.48878539428899265,0,0,122.0,14884.0
2023-05-08,national,41971014.25054743,86396177.23117143,128483198.3424008,160295506.01029348,320317.5506357683,508579.2976871984,423050.7982338525,947861.3711368485,963714.6372693335,832901.1450951936,62395460.229273885,0.8073707443023492,-0.5900444739548627,0,0,123.0,15129.0
2023-05-15,national,59268928.550666854,232500826.762701,0.0,232381752.35669115,332242.6102590139,683051.8791716088,1109807.2997484703,0.0,1268573.864432827,815150.5647463567,61300490.199301295,0.7306444969184916,-0.6827580970759147,0,0,124.0,15376.0
2023-05-22,national,68069217.65647778,313647001.7233946,0.0,168634546.76165947,337347.83802415093,841823.8274415482,1448869.90114495,0.0,1085667.1173854817,835804.9043497646,62357637.8558066,0.6433365204044917,-0.765583517007675,0,0,125.0,15625.0
2023-05-29,national,57691431.8516075,253888215.27356833,0.0,174594387.90576813,330429.8082626381,658479.2422828707,1174157.7444995595,0.0,1049369.538822379,814535.9282025144,59913633.95363568,0.5467112728685939,-0.8373211953118121,0,0,126.0,15876.0
2023-06-05,national,43336233.82175021,228502456.66378242,0.0,197745224.93247437,358966.8048882447,513692.215916408,1151759.35529043,0.0,1162743.359067249,806011.2538872426,59705937.12397339,0.44216815196707204,-0.8969321743510065,0,0,127.0,16129.0
2023-06-12,national,73961649.54627977,236093833.43040732,0.0,223650951.16904956,319932.9820687046,816522.8812881985,1290097.79258245,0.0,1223384.945160151,806706.9057868118,60067754.1160042,0.3312212278016865,-0.9435531242349544,0,0,128.0,16384.0
2023-06-19,national,61740694.38342998,248077948.47922048,0.0,227230209.53043643,317892.57687304245,718320.1141773892,1279268.206796341,0.0,1333950.6855899966,806600.0827085059,60739433.48530852,0.21547731504673012,-0.976508846196619,0,0,129.0,16641.0
2023-06-26,national,74318622.97400604,207215492.70458668,0.0,181888688.70261768,354866.86668031453,857380.3211492989,1066429.303690485,0.0,1137781.293686828,864574.8655991895,60321980.31182819,0.0966127018812031,-0.9953220513156602,0,0,130.0,16900.0
2023-07-03,national,101370635.07155927,283857163.08108246,0.0,217254344.79279304,347489.1745939772,1217080.5623123855,1307276.5568926728,0.0,1295768.1895574634,884809.6044478993,60886546.4314532,-0.023651127245231586,-0.9997202729664083,0,0,131.0,17161.0
2023-07-10,national,86325641.0184621,267523304.26301512,0.0,195056562.86943468,381114.88847597723,987330.4327630543,1267769.2576112945,0.0,1105351.5484806863,868350.7053878016,59543680.692270815,-0.1435724234118113,-0.9896398128792412,0,0,132.0,17424.0
2023-07-17,national,62881455.90314267,146447812.39419034,0.0,164344721.17546737,293171.2956766406,721705.907309261,756257.6188624392,0.0,889033.8866131733,826633.0472138926,59003439.96961359,-0.2614143985111562,-0.965226663665613,0,0,133.0,17689.0
2023-07-24,national,117951484.24211274,0.0,0.0,368230916.2570039,400306.3807818154,1363308.4981270197,0.0,0.0,2168235.4591194424,935641.7686901989,58516048.55874499,-0.3754703786876202,-0.9268343944460494,0,0,134.0,17956.0
2023-07-31,national,100052255.61477438,0.0,0.0,430396919.5550132,393845.9166641309,1165083.8295614033,0.0,0.0,2557230.1903064437,932368.8456452581,59545367.42224185,-0.48408852163897587,-0.8750190302029955,0,0,135.0,18225.0
2023-08-07,national,74465345.7862647,0.0,0.0,310997041.9398717,361539.96694810584,928229.5481205235,0.0,0.0,1837692.3518671275,866274.4531492216,56602057.378287226,-0.5856957398073508,-0.8105309990194823,0,0,136.0,18496.0
2023-08-14,national,101826467.1888963,0.0,0.0,379160128.4232225,390701.0088052944,1238126.657703747,0.0,0.0,2212043.414592718,923372.2505270743,60250884.052374355,-0.6788204829862357,-0.734304263829602,0,0,137.0,18769.0
2023-08-21,national,75443290.59057568,0.0,0.0,272869754.5657894,348144.9210425231,953264.3069772066,0.0,0.0,1626276.810612674,869950.5105752498,53873472.18520651,-0.7621140503891487,-0.6474427960827475,0,0,138.0,19044.0
2023-08-28,national,60182336.62056067,247598965.60575154,0.0,177085596.16751698,360585.8516657524,712871.536525645,1256576.9139516116,0.0,1029117.8770350096,889059.1487438037,57419705.32822442,-0.8343701235229537,-0.5512045872199277,0,0,139.0,19321.0
2023-09-04,national,43197194.21196424,170104723.6566503,0.0,115683032.22212929,342448.23223095713,491595.31631024915,849153.8372077682,0.0,701986.3597013325,843027.4715418089,56729408.85865629,-0.8945422369764496,-0.4469834295196742,0,0,140.0,19600.0
2023-09-11,national,69956735.77777515,254810047.99482816,0.0,185597298.32067063,375634.34881848755,795016.5603291648,1285557.7483308243,0.0,1063722.726993079,902190.9817718001,59502927.791128196,-0.9417589340994617,-0.33628873017668287,0,0,141.0,19881.0
2023-09-18,national,71433776.85581021,255335266.83900055,0.0,161103973.15401477,359690.42090533837,871987.2953750374,1247468.6603603195,0.0,985859.5280350851,886370.9352906127,58841498.76396871,-0.9753363880767837,-0.2207236509605022,0,0,142.0,20164.0
2023-09-25,national,55517115.66303857,281366884.3038565,0.0,202891781.15226677,383141.1190764239,750947.0872176129,1260691.814924351,0.0,1248748.6336403843,906522.5507089999,58517174.4574087,-0.994788305609327,-0.10196189005174576,0,0,143.0,20449.0
2023-10-02,national,61716102.79841843,253089901.97553024,0.0,175942328.63200486,340830.2508031949,730773.7849143744,1145793.3080592009,0.0,1053287.9561807604,883573.0979319393,58051609.38048712,-0.999832969770105,0.018276557681691223,0,0,144.0,20736.0
2023-10-09,national,59728133.31280257,320188619.8312903,0.0,166545627.95327982,377248.7698636636,685962.3331885003,1492812.5790079131,0.0,985244.6368557331,892105.6925248656,60562370.32701365,-0.9903973200352558,0.13825031091098192,0,0,145.0,21025.0
2023-10-16,national,80106558.82986799,104773940.63211967,95487838.60686919,178750900.81811845,357290.73162304924,1007451.9957127086,555169.8175165295,697481.8298092927,979093.983807541,876286.0658747874,59545261.35969203,-0.9666180104000972,0.2562218218071163,0,0,146.0,21316.0
2023-10-23,national,96753259.51571697,103582151.97461994,73841930.60976507,156203299.55423158,330397.3424678973,1028115.5787481854,551413.6066416448,564205.8018540822,991758.2493921972,886455.7796593673,67038935.82015795,-0.9288394302558068,0.3704825404820963,0,0,147.0,21609.0
2023-10-30,national,108401927.60043249,137254742.77732116,87677888.8528303,167448676.7550181,347848.57951218233,1250720.037545071,653044.573613848,708236.597100274,995961.6188293634,913224.038752265,62807631.05748195,-0.8776087166898392,0.4793776594606945,0,0,148.0,21904.0
2023-11-06,national,87487638.75743431,117937202.21590127,90198556.8027351,177666620.39603576,394573.1446772147,1077207.2802887778,577180.8819398815,695979.7838211379,967615.5364564019,917585.9951322606,65212582.84858854,-0.8136678304455991,0.5813300798152042,0,0,149.0,22201.0
2023-11-13,national,96867804.45624724,120370367.70928518,95685127.2345299,152188429.75409886,364282.6310767545,1140614.5408186459,588165.7910118384,681024.6962257302,934996.6596906391,888534.5399412703,65087542.41691047,-0.7379428103031386,0.6748632518680403,0,0,150.0,22500.0
2023-11-20,national,65794651.113259666,138928796.64189807,106633539.22930904,176019235.08901533,364776.94095942046,789846.6021785244,741438.5661776065,882765.5894272532,1043697.3268452176,883983.7733524351,67840663.60815567,-0.6515303615068021,0.75862255966641,0,0,151.0,22801.0
2023-11-27,national,59360922.125279516,99712967.77426961,77801430.42711939,149312590.17808044,351070.06385898,749244.8856529361,532395.3374331214,600844.6807688106,927731.4506947543,858443.3406947956,66070289.970271505,-0.5556819724760489,0.8313949395234058,1,0,152.0,23104.0
2023-12-04,national,68838349.76645745,147445851.0320705,98465253.91904825,196501992.36999217,366066.87330818817,899236.0090304795,733612.894786445,753290.0530036228,1123572.400771618,895663.7840105512,67501146.514928,-0.451785789832884,0.8921264484954345,0,0,153.0,23409.0
2023-12-11,national,41074819.21135726,84771829.91344777,62056800.24776455,100995705.79110454,366829.49421193206,494219.0510781221,468057.9063774977,477245.15341859666,680943.44976781,837125.5326814298,65495600.64964517,-0.34134651424503615,0.9399375283564133,0,0,154.0,23716.0
2023-12-18,national,62664558.816742085,134577929.99767572,89531771.91088124,150309054.68772274,357419.61564446887,707774.0009767504,667053.3053270075,685712.6885217861,944895.8204183199,899954.4757938471,68973240.61749057,-0.22596360824801906,0.974135744004672,0,0,155.0,24025.0
2023-12-25,national,66232314.64266849,127404330.10835683,78567981.57238622,162341162.71057156,335448.4787453324,725526.9866450852,650069.7770390428,652625.3778349387,939551.6323764846,876581.938692404,68709882.2113823,-0.10730813165636247,0.9942258118156161,0,1,156.0,24336.0
